ID,Title,Acousticness,Danceability,Energy,Instrumentalness,Loudness,Mode,Tempo,Valence,Mood
2hKdd3qO7cWr2Jo0Bcs0MA,Drops of Jupiter (Tell Me),0.153,0.481,0.638,0,-5.862,1,79.064,0.497,sad
1TcF5F10EN17vraisG1gQv,Happier (feat. Clementine Douglas),0.0038,0.785,0.831,0.0105,-3.681,1,126.056,0.673,happy
4AxMrysTzBOsFg94g3H7Mh,Summer Rain,0.657,0.613,0.62,0.0403,-8.11,0,137.788,0.493,happy
64fITmtln0OJqcxPf09vnY,HERicane,0.244,0.739,0.686,0.00145,-6.317,0,95.0,0.743,happy
1R0a2iXumgCiFb7HEZ7gUE,Don’t Blame Me,0.106,0.615,0.534,1.76e-05,-6.719,0,135.917,0.193,happy
06qDEAG26TspT2yK2NLgEZ,The Kill,0.041,0.404,0.865,0,-3.93,1,119.857,0.493,happy
4RGWHfQeJftd5XrP8JUgFj,Metamodernity,0.389,0.823,0.544,0.165,-10.077,1,121.968,0.826,happy
1UZOjK1BwmwWU14Erba9CZ,Malibu,0.0767,0.573,0.781,2.64e-05,-6.406,1,139.934,0.343,happy
4AV9YngrMvCchNw5d4lGzw,Sweet Tooth,0.0696,0.823,0.534,0.00313,-6.63,1,108.021,0.885,happy
3BeaiIXko9QV8689eWB6yd,Stockholmsvy,0.462,0.741,0.389,0.532,-10.971,1,90.01,0.742,happy
1Rnx52PUuhrLrj306hOZHb,Can't Get You out of My Head - Peggy Gou’s Midnight Remix,0.0707,0.687,0.924,0.228,-7.324,0,126.018,0.931,happy
53XX6aX3DurJGTYWtsu4VO,How Far We've Come,0.121,0.568,0.439,0.0392,-9.455,1,140.235,0.4,happy
2cSdAkzAf2T4j4aLvx4LLz,Baby Girl,0.0921,0.73,0.907,0.114,-3.72,1,120.968,0.249,happy
6iZ2inFhxOuHKxOlTwwhZq,Next To You (feat. Kane Brown),0.223,0.737,0.837,0,-6.448,0,118.998,0.575,happy
2zjs7VtYszHqh3gHcSHGJP,Dream On,0.131,0.733,0.385,0,-12.958,1,81.239,0.703,happy
0W4Kpfp1w2xkY3PrV714B7,Ho Hey,0.791,0.685,0.466,2.06e-06,-9.074,1,79.936,0.353,happy
3e0FzZjTXOUtiJGSClOBrI,Fly Like An Eagle,0.61,0.561,0.754,0.0194,-12.769,0,100.08,0.642,happy
02bspNI1gmunfBI8u0xP95,Thanks,0.629,0.528,0.31,0.891,-12.608,1,100.05,0.346,happy
20BOju91NaEFK5Py4VJ2pp,Best Friend (feat. Doja Cat),0.00302,0.84,0.766,3.61e-06,-4.12,1,94.018,0.402,happy
0JpEMzTHbt2zBIXrntrXzG,Young Right Now,0.0129,0.539,0.708,0,-6.189,1,123.039,0.381,happy
31vk2M79Pww97MfuEtpJ2l,Midnight Man,0.227,0.77,0.508,0.524,-9.019,0,108.969,0.84,happy
3EhiNSWu5AeWHn2eUOp5Ve,ocean free,0.737,0.499,0.486,0.269,-6.018,1,67.955,0.188,happy
6VnpKLtfNH4Dk09YSGPSyR,It Ain't Over 'Til It's Over,0.422,0.679,0.568,0.00928,-10.74,1,159.69,0.93,happy
0K9tfzrxJyCQIf7oAlPwaK,YA YA,0.317,0.617,0.904,0,-5.371,1,151.926,0.764,happy
2DFRFqWNahKtFD112H2iEZ,Do You Realize??,0.006,0.464,0.797,0.000304,-5.244,1,129.964,0.547,happy
25nzKGDiua1lE9Qo5V19GL,Young Blood,5.63e-05,0.579,0.865,0.000221,-4.692,1,104.99,0.358,happy
6KNV6L3b7beomEUnzWgw0X,Ride or Die,0.375,0.607,0.629,0.0806,-10.509,1,101.974,0.688,happy
7FAFkQQZFeNwOFzTrSDFIh,The Spins,0.0135,0.794,0.766,0,-3.894,0,127.006,0.55,happy
6gTrbqZnyljwXdYQTyBkSx,You Make Me Feel Like Dancing - Remastered,0.0848,0.728,0.718,0,-5.281,0,95.922,0.733,happy
2yBVeksU2EtrPJbTu4ZslK,What a Fool Believes,0.284,0.758,0.378,0,-15.308,0,120.736,0.985,happy
2OyaNAq8BcGstyzueloqpE,Too Late To Turn Back Now,0.344,0.516,0.73,0,-7.136,1,115.126,0.907,happy
1FvDJ9KGxcqwv1utyPL3JZ,This Charming Man - 2011 Remaster,0.00509,0.611,0.846,0,-5.9,1,103.912,0.751,happy
2TVxnKdb3tqe1nhQWwwZCO,Tiny Dancer,0.382,0.414,0.428,0.000243,-11.097,1,145.075,0.282,happy
1Rweq7vNjK4kZBbGrmxQsl,bye,0.204,0.606,0.645,0,-4.835,0,110.016,0.453,sad
326EM9zAMPmr1JkGtzHnH6,Candlelight - Spotify Singles,0.955,0.702,0.258,0.00324,-9.123,0,140.93,0.208,happy
5SN3mwuodiwY3jPejBuUD5,Crash My Car,0.00178,0.244,0.646,0.00483,-5.863,1,183.571,0.529,happy
7FwBtcecmlpc1sLySPXeGE,Dancing In the Dark,0.0115,0.527,0.942,0,-5.64,0,148.723,0.495,happy
4TBBPZks71c60whhq0PgdP,(Your Love Keeps Lifting Me) Higher & Higher,0.176,0.631,0.69,0,-6.676,1,94.574,0.938,happy
3v8PlUFGQQDBIk1J86waCo,Should I Stay or Should I Go - Remastered,0.0832,0.742,0.838,0,-6.442,1,113.373,0.848,happy
254bXAqt3zP6P50BdQvEsq,Everywhere - 2017 Remaster,0.258,0.73,0.487,0.01,-10.991,1,114.965,0.731,happy
7bSlafYF33JHLoB9NtsL9V,Look At Us Now (Honeycomb),0.00942,0.323,0.761,0.000586,-6.143,1,141.282,0.466,happy
3Ti0GdlrotgwsAVBBugv0I,Can I Kick It?,0.173,0.848,0.666,0.000699,-6.547,1,96.662,0.744,happy
5HCF5NaxKCb0CniAsqvzAE,Ceviche,0.18,0.581,0.847,0.115,-7.209,0,124.914,0.497,happy
7mnGQesk1TzQLzQ9bYWZPR,She's so High,0.2,0.537,0.84,2.15e-06,-4.626,1,124.269,0.211,happy
22HkJCoxlrEoc27tloXvl4,In My Baby's Arms,0.577,0.69,0.509,2.42e-05,-8.589,1,126.129,0.797,happy
5hFVuHDVUqR9FvVnHFoLLo,Sunset,0.185,0.736,0.818,0.00284,-5.919,1,98.044,0.863,happy
3sa06xVNmLLYIxdNNmVQN8,Where Did You Go? (feat. MNEK),0.182,0.763,0.782,7.08e-06,-4.541,0,127.034,0.502,happy
22CIOfLZB9z8He7WgHYAgH,Two Tickets to Paradise (2022 Remaster),0.113,0.603,0.627,0.000103,-16.011,1,129.617,0.701,happy
6RtPijgfPKROxEzTHNRiDp,Rude,0.0422,0.773,0.758,0,-4.993,1,144.033,0.925,happy
7FXuCkl1kfxwS5icDjTwbM,Hard to Handle,0.573,0.666,0.55,1.84e-06,-8.672,1,95.552,0.961,happy
2drtd6SptpMJ1KylMQ7mrE,circle the drain,0.303,0.482,0.79,0.00028,-5.221,1,169.064,0.47,happy
2oZmMp5M6L0Rh7G84Um2tF,Chain of Fools,0.221,0.721,0.567,0,-9.516,1,116.643,0.914,happy
2Zo1PcszsT9WQ0ANntJbID,Feather,0.0736,0.791,0.694,1.75e-06,-4.332,0,123.508,0.826,happy
0V8FYVlBFuXXTIvRnMbZyS,The Climb,0.0834,0.327,0.588,0,-6.611,1,161.074,0.329,happy
0i5QVxsK3IvEDbUjTA64Li,Silver Lining,0.00116,0.543,0.616,1.02e-06,-6.53,1,144.216,0.199,happy
7qqrGV5WpQnMKqVTsDZd9J,Buddy's Rendezvous,0.851,0.289,0.324,0.00368,-9.866,1,77.94,0.244,happy
0cx32rX0uZvcJUP92Wkj2y,Wouldn't It Be Nice - Remastered 1999,0.554,0.428,0.544,2.12e-05,-9.139,1,122.622,0.694,happy
3K1RnBxBkrMwoBE8gC63eY,All Ur Luv,0.0892,0.714,0.811,0,-3.69,0,115.0,0.736,happy
5AoTuHE5P5bvC7BBppYnja,Respect - 2003 Remaster,0.0723,0.744,0.611,0.000532,-6.386,1,114.991,0.961,happy
2g2GkH3vZHk4lWzBjgQ6nY,(What A) Wonderful World,0.627,0.691,0.507,0,-10.23,1,128.518,0.885,happy
4ztdjZ2t7BVo5DLIFQBdJh,Jericho,0.528,0.721,0.541,0,-8.924,0,153.919,0.616,happy
3QgOr4aQcudAyJvc3q5K0I,Sunday Highs,0.472,0.635,0.418,0.00687,-12.156,0,134.009,0.094,happy
05QGJav2nGJ9qdQ3vG9A9t,Ask Me,0.0145,0.803,0.935,0.191,-4.915,0,124.008,0.738,happy
1LzNfuep1bnAUR9skqdHCK,Fade Into You,0.247,0.417,0.33,0.000689,-13.925,1,157.113,0.175,sad
6wCv0m87EJ6kYGUi5c0kbG,greedy,0.27,0.752,0.701,0,-3.542,0,111.02,0.836,happy
1OppEieGNdItZbE14gLBEv,You Can't Hurry Love,0.299,0.63,0.711,0,-9.34,1,96.915,0.659,happy
6DIMM15oo3kxnCuVypaYGy,Give Up Baby Go,0.169,0.683,0.697,2.46e-06,-6.703,1,96.729,0.591,happy
1FFUXkoWIc9of8yOscGiaC,Greedy,0.0323,0.619,0.705,0,-5.335,1,109.975,0.844,happy
787Y2idwCU2Rk60Prv4wpr,Saving Up,0.00353,0.747,0.822,0.132,-6.373,0,129.994,0.578,happy
2gTF3yPxvDpW2EAYbOVeIt,JOY (God Only Knows),0.0938,0.48,0.951,0.0139,-3.659,1,131.93,0.61,happy
6898BcNygl1YiW8Fabu5E2,Fever Dream,0.00339,0.56,0.641,0.00598,-7.158,0,81.465,0.588,happy
3LEgGAl9zLcQWGTp7ptqtQ,Don’t Wake Me Up,0.222,0.621,0.747,0.000194,-5.084,1,124.015,0.426,happy
65GbQI9VDTs7vo6MJL2iJA,Coming Home,0.461,0.424,0.465,5.52e-05,-6.595,1,112.418,0.462,happy
5YqdiryRmdAzYFlxo43hAJ,Missing Piece,0.0155,0.628,0.877,5.97e-06,-4.205,1,101.992,0.721,happy
2aoo2jlRnM3A0NyLQqMN2f,All Along the Watchtower,0.00255,0.438,0.805,5.69e-05,-6.237,1,113.253,0.564,happy
2DnJjbjNTV9Nd5NOa1KGba,You're So Vain,0.153,0.66,0.68,6.7e-06,-8.18,1,106.187,0.671,happy
7Ep9IjggTVy070hEkaSLIa,He Loves Me Yeah!,0.0606,0.867,0.515,0.0948,-8.821,1,112.036,0.74,happy
1vQWFjEC34DHNXrRTFjDxe,All Night Long,0.174,0.704,0.919,0.00787,-4.142,0,126.044,0.45,happy
3aNxfCcd9EohIxKmcQv1zn,Eternity,0.00261,0.591,0.921,0.00512,-5.572,0,140.063,0.436,happy
3AhXZa8sUQht0UEdBJgpGc,Like a Rolling Stone,0.731,0.482,0.721,0,-6.839,1,95.263,0.557,happy
3ZpJQim8bB9FmqkLch1DGV,Carpop,0.129,0.461,0.529,0.465,-12.975,0,150.341,0.158,happy
2MuJbBWAVewREJmB8WdGJ3,It Was A Good Day,0.135,0.78,0.754,0.034,-5.377,0,82.394,0.81,happy
7gSQv1OHpkIoAdUiRLdmI6,I Won't Back Down,0.0513,0.766,0.478,2.49e-06,-13.487,1,114.02,0.965,happy
2ACOWPLUe4A4KuQ5ioD2od,That's My Girl,0.0358,0.596,0.851,3.19e-05,-4.245,0,202.049,0.612,happy
1QbOvACeYanja5pbnJbAmk,"Take Me Home, Country Roads",0.546,0.38,0.43,1.71e-05,-12.564,1,82.204,0.547,happy
5jEuU57nvKw74sYR9Rcej5,Don't Turn Me Away,0.238,0.508,0.779,4.98e-06,-6.674,1,139.371,0.731,happy
34VDj911PQh8B1BXYoOMLq,Running Away,0.309,0.546,0.646,0.000207,-6.735,1,139.08,0.792,happy
4ZVZBc5xvMyV3WzWktn8i7,Everyday People,0.307,0.807,0.497,0.0327,-10.656,1,114.524,0.765,happy
35ItUJlMtjOQW3SSiTCrrw,Crazy Little Thing Called Love - Remastered 2011,0.714,0.599,0.762,4.43e-06,-6.887,1,76.961,0.715,happy
78WVLOP9pN0G3gRLFy1rAa,Piano Man,0.618,0.334,0.477,4.17e-06,-8.806,1,179.239,0.405,happy
21H0pUV2uPIPcFnFhgTBjo,Woke Up in Love,0.225,0.643,0.585,0,-5.994,1,106.015,0.188,happy
7icC0mHYpROmIRhpa2DaFC,The Nightfly,0.34,0.832,0.509,0.000793,-8.918,1,105.986,0.844,happy
5MhMXTuVODDF234VDvSxQx,Awake,0.0585,0.552,0.877,0.899,-5.765,1,176.05,0.597,happy
2kSb3wYSOV996xA2NSmpck,Melting,0.179,0.574,0.479,0.0803,-7.776,1,115.263,0.303,happy
5VSAonaAPhhGn0G7hMYwWK,Sister Golden Hair,0.13,0.441,0.546,0.000144,-12.222,1,134.752,0.718,happy
3USxtqRwSYz57Ewm6wWRMp,Heat Waves,0.44,0.761,0.525,6.7e-06,-6.9,1,80.87,0.531,happy
2ZRQixbe1MCJxpcO96Zj1y,Daft Pretty Boys,0.0475,0.665,0.823,0,-5.686,1,136.992,0.672,happy
7ITzf6TxMKnUwgXfNRfMxI,Perfume,0.000247,0.623,0.788,0.271,-7.777,1,121.974,0.955,happy
3ec1mgb7R6yhRvzp3DaTus,All For Love,0.0616,0.573,0.736,0,-6.882,1,126.014,0.185,happy
5Y67sAjZpir4N0PTBsIogb,You're the Love,0.0561,0.659,0.687,0.00168,-11.976,1,112.947,0.887,happy
7FM0XCpgR3HMZcwjDo2TlI,Love Is the Answer (Single Version),0.199,0.384,0.569,0.000367,-11.974,1,203.105,0.538,happy
0aJrYfARfCKzv6gXjhs4SZ,Upside Down,0.255,0.792,0.647,0.000223,-8.314,1,102.477,0.694,happy
5zVKisBri6JH1fooBhUaVq,Time Passages,0.357,0.694,0.649,0.00258,-7.176,1,111.98,0.603,happy
0fCwTrRNfoNk962ati8n2K,All Your'n,0.408,0.585,0.55,3.97e-05,-7.342,1,78.176,0.839,happy
7fmJGzyvOcbh6UANsH8Cp6,Lisztomania,0.0338,0.64,0.789,0.00388,-6.691,1,97.539,0.311,happy
0ZK8TGOsngrstVPsnrHbK1,Peach Pit,0.00322,0.515,0.804,0.00229,-5.345,0,123.969,0.298,happy
30bPsTvD3ikvd5IvRudsPI,Recycle,0.00403,0.502,0.742,0.569,-6.998,1,155.053,0.547,happy
7LTovppsXm7ncfRF0lA6q8,Don't Want A Love Song,0.823,0.669,0.39,0,-9.997,0,160.067,0.325,sad
40h65HAR8COEoqkMwUUQHu,Peaceful Easy Feeling - 2013 Remaster,0.494,0.568,0.634,0.00281,-12.336,1,142.686,0.866,happy
4oLZSZ3FTrml6ma6sOOMbp,Fair Warning,7.61e-06,0.148,0.98,0.448,-3.5,0,182.347,0.267,happy
2FQrifJ1N335Ljm3TjTVVf,A Bar Song (Tipsy),0.0633,0.722,0.709,0,-4.95,1,81.012,0.604,happy
4pNiE4LCVV74vfIBaUHm1b,Sir Duke,0.16,0.588,0.568,0,-9.766,1,106.938,0.952,happy
6zaayoVlfFp5YmQArKWkRG,playing tricks,0.638,0.67,0.412,1.75e-05,-8.213,0,130.005,0.281,happy
0bhwnn2xqnBUcMZDcXNuII,Hey Lover,0.257,0.48,0.482,0.000239,-11.451,0,128.152,0.685,happy
2N3likJH7vvBvJrUVtqycW,Prefiro Vila Velha,0.00248,0.4,0.869,0.00169,-7.411,0,169.94,0.861,happy
0AECVMjxepWdsjDb49JFRd,Tell Me Something Good,0.653,0.723,0.404,0,-9.184,1,73.983,0.796,happy
6mN1BAzH2eM6Plt40q4BYf,Astray,0.14,0.68,0.708,0.0595,-8.528,1,118.001,0.441,happy
4vziJcnB2Qyi9o4nIRUeN7,Now And Then,0.227,0.447,0.605,5.4e-05,-4.71,0,87.191,0.307,happy
54eZmuggBFJbV7k248bTTt,A Horse with No Name,0.687,0.653,0.507,0.0147,-17.18,0,123.188,0.831,happy
3Pbp7cUCx4d3OAkZSCoNvn,Scared To Start,0.384,0.527,0.551,2.75e-06,-11.258,1,148.035,0.443,happy
1udwFobQ1JoOdWPQrp2b6u,Surround Sound (feat. 21 Savage & Baby Tate),0.164,0.574,0.567,0,-7.126,0,75.965,0.526,happy
0xLrMI4R2xTwRHWV3UQCAZ,Rikki Don't Lose That Number,0.824,0.641,0.408,0.0022,-14.971,1,116.436,0.58,happy
24lvdbt9pS7DFEjhEWSl49,You Send Me,0.887,0.558,0.311,0,-9.582,0,95.978,0.415,happy
1bgKMxPQU7JIZEhNsM1vFs,Words (feat. Zara Larsson),0.0245,0.739,0.586,0.000252,-5.079,0,124.026,0.444,happy
0I2h9T7HeYjP9yALFN8dJt,How Can This Be Love,0.0801,0.669,0.568,0,-13.139,1,123.786,0.766,happy
3DCU0R5FFaB9GKxZERb5wr,Temper Temper,0.0252,0.713,0.565,3.2e-06,-7.8,0,130.047,0.705,happy
6rovOdp3HgK1DeAMYDzoA7,Maggie May,0.56,0.603,0.574,0.114,-10.536,1,129.42,0.535,happy
5TgEJ62DOzBpGxZ7WRsrqb,Work Song,0.749,0.531,0.363,0,-7.672,1,121.412,0.259,happy
5K09WxKdlkroDyEVyOSySy,(You Make Me Feel Like) A Natural Woman,0.679,0.603,0.271,0,-10.083,1,110.89,0.405,happy
4pAl7FkDMNBsjykPXo91B3,Needed Me,0.11,0.697,0.315,0,-8.091,0,110.872,0.298,sad
6Fe3Flc9SjE03pqwD6PVQl,Amber,0.156,0.663,0.697,0.0224,-9.442,1,166.001,0.744,happy
7vUbFCefkYWl4uSpMManF1,One More Look At The Night,0.37,0.71,0.614,2.39e-06,-9.552,1,120.955,0.91,happy
0rUHnNylp4QiqLOx3hL2EY,Every Day's A Lesson In Humility,0.144,0.413,0.545,0,-7.681,1,181.343,0.513,happy
7ohR0qPH6f2Vuj2pUNanJG,Got To Give It Up - Pt. 1,0.232,0.854,0.847,0.000569,-9.019,1,122.644,0.89,happy
50ZFpw2wS6ERvLmW8TINhq,Beg for You (feat. Rina Sawayama),0.223,0.788,0.945,2.97e-06,-5.091,1,128.036,0.466,happy
2mMU463xwCEiBKJJTlA3tc,"Right Here, for Now",0.0401,0.798,0.581,0,-5.243,1,129.97,0.776,happy
62AuGbAkt8Ox2IrFFb8GKV,Sweet Caroline,0.614,0.529,0.127,0.000133,-16.066,1,63.05,0.579,happy
7jcNMTxgiy9uXEEmUXH6Tt,Open Up My Window,0.481,0.588,0.484,2.96e-06,-10.793,0,77.823,0.402,happy
5QhikAUv91oMAaFnfKz22u,Lowdown (2023 Remaster),0.0747,0.691,0.551,0.104,-12.15,0,116.519,0.938,happy
17mYQ5uVoqY8ykHctLUlJT,Right Before I Go,0.0048,0.315,0.93,0.878,-8.08,1,114.527,0.142,happy
49uLH3xvQLd4I4pCQacGH8,Love from the Other Side,0.492,0.81,0.481,0.0696,-8.914,0,114.995,0.561,happy
2f2dRxjiUOoV5qhZFbnVO6,Rule The World (Everybody),0.031,0.627,0.998,0.0219,-1.699,0,127.975,0.157,happy
5QPRZdajTSKbdUERR8zvWB,Living In A Haze - feat. The Beaches,0.317,0.662,0.772,0,-4.79,1,129.895,0.417,happy
7e0LOBvgnz3Rnu20gUKOeh,Again,0.241,0.666,0.669,0.00023,-7.978,0,89.978,0.818,happy
4C6Uex2ILwJi9sZXRdmqXp,Super Freaky Girl,0.0645,0.95,0.891,1.77e-05,-2.653,1,133.01,0.912,happy
1YrY0vjHWp672gt0crtj5A,End Of An Era,0.116,0.661,0.818,0,-5.814,1,117.045,0.772,happy
43MifzVnh8W3jJN0xqU9jR,Wasted Summers,0.106,0.633,0.643,0.00831,-8.122,1,103.842,0.472,happy
1E2qsauY482zvIjHEI8EaX,Bubba,0.942,0.644,0.532,0.0191,-12.032,1,115.067,0.366,happy
0Lpehb4R7VcfpxRpol1s91,Drunk (And I Don't Wanna Go Home),0.00602,0.613,0.881,0,-4.59,1,119.98,0.631,happy
3GBApU0NuzH4hKZq4NOSdA,What You Know,0.00073,0.563,0.739,1.45e-05,-4.239,0,139.0,0.775,happy
6LzjgzpVl0hB3YrBU1b8Z1,The Boss,0.579,0.736,0.354,0.0103,-14.709,1,97.924,0.62,happy
6HnGsS6ovVsC6dLB3CtxYh,Help Is On Its Way - Remastered 2022,0.046,0.632,0.65,7.37e-06,-6.59,1,106.733,0.625,happy
5P11rW6aJErF37MTfRZS31,"Hallelujah, I Love Her So",0.792,0.696,0.547,0,-5.954,0,73.203,0.623,happy
6yW6Q8ZPgDBQA1yHWL4Jmh,Mas Que Nada,0.129,0.743,0.946,0.864,-5.023,1,123.974,0.514,happy
2mKz0wGscPw1xnTvrTlQUi,Orange Blood,0.66,0.712,0.53,0.512,-9.842,0,118.994,0.496,happy
0ToG55iJZCOzZkcpWbXxpW,Vampire Empire,0.287,0.636,0.572,0,-7.797,1,131.272,0.66,sad
65leXqfkdViSssEVN23uYL,Mama's Boy,0.15,0.807,0.354,0.713,-7.554,1,78.964,0.602,happy
3iGySa8gM6bowH2BXouK9A,Wrong Orange County,0.00251,0.447,0.954,0.856,-2.239,0,146.006,0.812,happy
3SdTKo2uVsxFblQjpScoHy,Stand By Me,0.57,0.65,0.306,7.07e-06,-9.443,1,118.068,0.605,happy
1GL7vwDnPqCnJ2xGNxNLwG,These Nights,0.00444,0.643,0.714,2.85e-06,-5.504,0,120.027,0.205,happy
21lFRFkdf5sgITNZCDMeDq,Don't Fade Away,0.000701,0.64,0.868,0.342,-8.323,0,128.031,0.96,happy
5yPEJ4UF90Km4KmLl2h4EE,All You Need Is Love,0.0422,0.712,0.796,1.44e-05,-6.325,1,125.994,0.605,happy
5tVA6TkbaAH9QMITTQRrNv,Free Fallin',0.212,0.623,0.449,0,-13.333,1,84.383,0.573,happy
1N62wozuHCvczCkY4QidpP,Over My Head (Cable Car),0.022,0.592,0.729,0,-4.156,1,116.03,0.709,happy
7HW5WIw7ZgZORCzUxv5gW5,Don't Go Breaking My Heart,0.149,0.729,0.844,2.87e-06,-8.824,1,131.459,0.777,happy
6XbA5gVGJlza8v7ebAbUZ1,I'm a Camera,0.124,0.683,0.461,0.00134,-15.675,1,107.802,0.797,happy
5mHdCZtVyb4DcJw8799hZp,Escapism.,0.138,0.538,0.742,4.67e-05,-5.355,1,96.107,0.25,happy
7gaA3wERFkFkgivjwbSvkG,"yes, and?",0.19,0.787,0.775,6.54e-05,-6.614,1,118.998,0.787,happy
62102D1yfhWdzW39Vj06FR,Dopamine (feat. Eyelar),0.0518,0.691,0.806,0,-5.392,0,117.971,0.873,happy
2LxdNADWier3MKTei8FbOY,I Was Made For Lovin' You (feat. Nile Rodgers & House Gospel Choir),0.0577,0.686,0.892,7.11e-06,-3.186,0,126.03,0.752,happy
4hXc50b59ywx8cdg9KlHCQ,Kiss The Ground,0.00265,0.688,0.503,0.00435,-9.614,1,75.042,0.574,happy
3JvrhDOgAt6p7K8mDyZwRd,Riptide,0.431,0.484,0.731,0,-6.694,1,101.654,0.51,happy
241RmK77gecJ1y7jOoQ5lu,This Will Be (An Everlasting Love) - 2003 Remaster,0.185,0.682,0.605,0.00326,-10.771,1,125.96,0.914,happy
6Qb7YsAqH4wWFUMbGsCpap,Training Season,0.0349,0.812,0.587,2.64e-06,-4.483,0,123.041,0.664,happy
4hObp5bmIJ3PP3cKA9K9GY,Don't Worry Be Happy,0.88,0.675,0.166,7.14e-05,-22.602,1,68.837,0.747,happy
4TwFXylgQheM8AUgY00G7C,Low Sun,0.88,0.61,0.478,0.906,-11.118,0,97.736,0.484,happy
5JWPUEov2wlX7c0jhYZpeB,Lost In Yesterday,0.0295,0.569,0.84,0.000118,-4.123,1,183.059,0.749,happy
3TcL0dyCMyr0kyTTc4NLgI,Who Says,0.0843,0.682,0.927,0,-2.915,1,101.019,0.744,happy
1mHGtXWQSfnzB5CLVnsykO,All Night,0.0558,0.761,0.42,2.73e-05,-5.752,1,159.977,0.798,happy
2qOm7ukLyHUXWyR4ZWLwxA,It Was A Good Day,0.33,0.798,0.744,0.000106,-5.328,0,82.356,0.794,happy
3FN7IJMnUMWZXDw08ix3ot,Stop This Flame - Celeste x MK,0.0194,0.692,0.846,2.91e-05,-5.72,1,124.007,0.827,happy
7MiLmLbwNoyf47xQ4TCVYp,Papa Was A Rollin' Stone - Single Version,0.451,0.817,0.405,0.0507,-13.513,0,121.467,0.898,happy
7GVUmCP00eSsqc4tzj1sDD,Come and Get Your Love - Single Version,0.172,0.731,0.804,0.00028,-7.621,0,107.383,0.957,happy
7e8utCy2JlSB8dRHKi49xM,Fluorescent Adolescent,0.00178,0.646,0.813,2.26e-05,-5.29,0,112.115,0.821,happy
2Iq6HhIquO7JKr0KfTNLzU,My Type,0.0641,0.595,0.896,5.82e-05,-2.951,1,118.001,0.567,happy
3lWQgPeo8TrZZQT4qPScxg,A Second to Midnight,0.0339,0.803,0.764,0.000703,-5.233,1,122.014,0.614,happy
32hMObO47FeOlNPfn58XiZ,Stained Glass Curtain,0.483,0.617,0.668,0.0774,-5.254,1,128.979,0.499,happy
4tKGFmENO69tZR9ahgZu48,Murder On The Dancefloor,0.00234,0.73,0.849,2.57e-05,-5.281,0,117.308,0.887,happy
7jhFwwJbpd7ZVJeT2DvrJn,(The Ballad of) Buddy Kid,0.261,0.407,0.733,3.57e-05,-9.15,1,168.852,0.835,happy
0QZ5yyl6B6utIWkxeBDxQN,The Night We Met,0.969,0.545,0.366,0.267,-9.51,1,86.997,0.1,sad
2374M0fQpWi3dLnB54qaLX,Africa,0.257,0.671,0.373,8.01e-05,-18.064,1,92.718,0.732,happy
5gB2IrxOCX2j9bMnHKP38i,Life is a Highway,0.00211,0.562,0.934,0,-5.562,1,103.042,0.558,happy
0N4DPoheO9PBfubvvsckvt,The Sailor's Song,0.438,0.543,0.495,0.00899,-13.361,0,100.137,0.571,happy
5Ts1DYOuouQLgzTaisxWYh,Love Grows (Where My Rosemary Goes),0.403,0.568,0.824,0,-4.613,1,108.625,0.753,happy
6Rqn2GFlmvmV4w9Ala0I1e,Feeling Good,0.863,0.451,0.326,0,-9.239,0,81.726,0.55,happy
6XK6Zw6JkFsHXzAcMWNiIr,Send Me On My Way,0.125,0.5,0.704,1.79e-05,-8.797,1,119.463,0.722,happy
0JXXNGljqupsJaZsgSbMZV,Sure Thing,0.0267,0.684,0.607,0.000307,-8.127,0,81.001,0.498,sad
1vYXt7VSjH9JIM5oRRo7vA,Dance The Night - From Barbie The Album,0.0207,0.671,0.845,0,-4.93,0,110.056,0.775,happy
3GuXR9DKM0Xv6brcqFkcRJ,Used To Surf,0.438,0.498,0.636,0.0426,-6.465,1,154.945,0.343,happy
5qII2n90lVdPDcgXEEVHNy,Sunday Morning,0.0913,0.608,0.768,0,-5.227,1,88.059,0.809,happy
3FkQN4NyCFlfn7fWzBkWCj,Thunder Island,0.00113,0.497,0.718,0.0606,-7.744,1,127.79,0.792,happy
4E4Gxykl5nYMSIwlIVzjGr,Going Kokomo,0.00262,0.448,0.942,0.0286,-4.196,1,171.979,0.786,happy
38RLObegC9ggpKPRVQDc1g,AMERICAN HORROR SHOW,0.0393,0.63,0.763,0,-4.89,1,162.152,0.295,happy
5YqpHuXpFjDVZ7tY1ClFll,Heartbeats,0.977,0.589,0.177,0.714,-14.891,1,88.409,0.311,sad
1EzrEOXmMH3G43AXT1y7pA,I'm Yours,0.559,0.703,0.444,0,-9.331,1,150.96,0.712,happy
7b4iOHMngSAFhgN120hbWB,A Kiss,0.208,0.697,0.923,0.000736,-4.646,1,169.999,0.635,happy
3nFJbZCHP4d9vduKjJLdBL,Never Too Much,0.125,0.734,0.586,0,-11.866,1,109.933,0.762,happy
0QZyAYqpbsfnBfZ4vMRSVd,Wings (I Won't Let You Down),0.0746,0.692,0.856,1.15e-05,-2.963,0,125.99,0.963,happy
4BP3uh0hFLFRb5cjsgLqDh,Fortunate Son,0.201,0.64,0.663,0.00806,-7.516,1,132.77,0.663,happy
7w87IxuO7BDcJ3YUqCyMTT,Pumped Up Kicks,0.145,0.733,0.71,0.115,-5.849,0,127.975,0.965,happy
4nrPB8O7Y7wsOCJdgXkthe,"Shakira: Bzrp Music Sessions, Vol. 53",0.281,0.842,0.745,2.61e-05,-4.231,0,122.06,0.53,happy
6I3Evf3nNhxFA5lSM37Y0v,How To Fly,0.161,0.677,0.644,0.00178,-9.337,0,151.065,0.536,happy
6dhaX8fxmnXNZuOxmxyrvD,L.S.D,0.546,0.63,0.874,0.661,-4.183,0,135.973,0.747,happy
5wCVLW9qMtIY9IkBeyYnh6,When Am I Gonna Lose You,0.0417,0.452,0.834,0.00036,-4.657,1,142.088,0.514,happy
4nmD4awtUUCC4AGETpUiuP,Big Energy (feat. DJ Khaled) - Remix,0.0385,0.867,0.771,0,-3.688,0,106.021,0.715,happy
1kr0XkYcWe2HTuCFN3BuGA,House Song,0.886,0.293,0.131,0.14,-18.658,1,78.885,0.123,sad
2ffGZTdlRN0lNxA4LOYyTs,How Long Do I Have to Wait for You?,0.471,0.673,0.909,0.013,-3.369,0,103.941,0.969,happy
235lO0qJ7TO9lpDorTvegE,Cherry On Top,0.00466,0.62,0.817,0,-5.373,1,133.559,0.657,happy
5KXXi90Q4pjVxEapZjRC9O,GOOD DAY,0.061,0.712,0.682,0,-6.968,1,76.033,0.716,happy
0iOZM63lendWRTTeKhZBSC,"Mrs. Robinson - From ""The Graduate"" Soundtrack",0.713,0.606,0.457,2.53e-05,-14.035,0,92.033,0.813,happy
451GvHwY99NKV4zdKPRWmv,Banana Pancakes,0.607,0.816,0.375,8.66e-06,-8.053,1,114.303,0.615,happy
5IMtdHjJ1OtkxbGe4zfUxQ,Escape (The Pina Colada Song),0.469,0.835,0.509,4.11e-06,-13.668,1,138.711,0.949,happy
3XJC8vRhbtm3NzHXE1XAta,If I Saw You Again,0.226,0.757,0.425,2.2e-05,-13.619,0,109.532,0.854,happy
7JgNAnCjJvL8hBR1kmCOFF,Worth It.,0.505,0.736,0.483,1.39e-05,-7.85,1,109.932,0.606,happy
2ixsaeFioXJmMgkkbd4uj1,Budapest,0.0846,0.717,0.455,0,-8.303,1,127.812,0.389,happy
6oELcspL4BONtElLhJfBPI,Night Feels,0.0714,0.737,0.682,0.00916,-4.2,0,126.028,0.393,happy
0JmnkIqdlnUzPaf8sqBRs3,Moonlight,0.518,0.642,0.706,0,-6.832,0,136.854,0.86,happy
6G7MHIvSDR3ehXPkuDFAlM,California Dreamin',0.767,0.47,0.385,0.0653,-13.159,0,112.377,0.694,happy
0u9Y12SZAZkasLZikMyzpQ,PPL,0.288,0.662,0.442,0.000544,-10.716,0,129.869,0.517,happy
6Uj1ctrBOjOas8xZXGqKk4,Woman,0.0888,0.824,0.764,0.00294,-4.175,0,107.998,0.881,happy
60rJnCfWEzBG27ROizelpE,Melanie,0.509,0.583,0.642,0.000167,-10.058,0,98.712,0.772,happy
1tqT6DhmsrtQgyCKUwotiw,I Heard It Through The Grapevine,0.272,0.711,0.362,0,-10.851,0,117.287,0.616,happy
0Lma40kLsYvMajHBwiYmll,Confusion,0.0937,0.217,0.812,0.00013,-4.89,0,85.533,0.132,happy
1tfZtA15BfJHQTUy3dqTKC,Build Me Up Buttercup (Mono),0.196,0.64,0.664,0,-4.73,1,134.002,0.879,happy
4eSZUNz2flCKs7zESV50kW,Hold My Head,0.00365,0.627,0.791,1.05e-06,-6.422,0,144.06,0.545,happy
6jGnykaS6TkWp15utXSAeI,Come Away With Me,0.902,0.436,0.141,2.81e-06,-13.271,1,76.64,0.146,happy
2ihCaVdNZmnHZWt0fvAM7B,Little Talks,0.0206,0.457,0.757,0,-5.177,1,102.961,0.417,happy
21jGcNKet2qwijlDFuPiPb,Circles,0.189,0.695,0.763,0.00242,-3.497,1,120.042,0.551,happy
6BtmXhTJMM9sBTHeYYASGz,It's Time,0.016,0.656,0.884,0,-4.748,1,105.009,0.858,happy
01gDLZsi0j5fWC28FLPNO8,Move on Up - Extended Version,0.141,0.584,0.975,0.501,-6.534,0,138.341,0.876,happy
1GecdBfUVVohc8wdSaHvtg,Floating By,0.0239,0.463,0.877,1.86e-05,-6.314,1,169.988,0.682,happy
6N7NO9Z1Hi6la8dqG3Aoew,Lost at Sea,0.957,0.231,0.182,0.532,-13.758,0,84.318,0.117,happy
3Fzlg5r1IjhLk2qRw667od,Dancing in the Moonlight,0.0624,0.632,0.856,0,-3.463,1,119.397,0.867,happy
4410U1LBFEbAXKdWpclkkD,Diamonds,0.471,0.672,0.444,0.000151,-11.925,1,129.998,0.695,happy
28285KFbyCq8sJofn58qlD,Love Train,0.186,0.743,0.572,1.44e-05,-9.627,1,122.658,0.675,happy
0WIv5qV41y6YjjB9V1biuC,Made For Me,0.122,0.796,0.468,0,-6.375,0,119.98,0.0677,sad
5uES1C2NgkdrNHiCwf9jRr,Baby Love,0.757,0.595,0.643,0,-9.275,1,135.633,0.731,happy
0xkSfBYxRMTLgrinRJlzfz,Next Exit,0.000313,0.456,0.775,0.823,-7.125,1,80.026,0.793,happy
5SjdXpQqq54uRrlSXv12i4,Sunday by the River,0.635,0.655,0.403,0.316,-9.408,0,79.983,0.276,happy
4ucjm7jDReA0IFHGfzOtoZ,All Right,0.167,0.713,0.21,0,-23.74,0,132.722,0.551,happy
2Y3y0b07K01haCxhgn5Iy3,Surfin' Detective,0.00385,0.375,0.952,0.563,-6.543,0,158.169,0.745,happy
7CRxgl5YJ2mkhM1Nyq6s8d,Postcode Lover,0.174,0.51,0.767,0,-7.396,1,89.937,0.8,happy
4m3B2gHcAGBXEJGmU2ovjZ,Say You'll Be Mine,0.198,0.768,0.637,0.00342,-14.218,1,128.458,0.86,happy
2LXISHBkx8FyoxCBkckh19,Do It Again,0.343,0.655,0.431,9.5e-06,-15.18,0,124.588,0.941,happy
2RdTAjuyXApYuZhQh7kypm,Tora,0.0367,0.507,0.704,0.00293,-7.411,0,149.749,0.309,happy
7jo8wMflELLV0oCLaHlBrZ,Equal Strain On All Parts,0.822,0.585,0.331,0.000248,-11.214,1,76.972,0.338,happy
1UiKUFbCfgbVjwY8W657Pv,When You're In Love With A Beautiful Woman,0.405,0.679,0.728,0.00261,-9.539,1,109.623,0.852,happy
2QkPmNXgmCzqbcdoYNOfhi,Sociedad de Fideos Fríos de Japón,6.49e-05,0.355,0.95,0.944,-6.72,1,96.014,0.445,happy
01MVoX9EYvKaj8WSpZRG5O,Aruarian Dance (interlude),0.974,0.704,0.0724,0.94,-21.21,1,81.969,0.341,happy
2S3sEFjnj7yGCGOqYjRT6C,Flowing Rivers,0.00704,0.686,0.712,6e-06,-9.133,1,127.936,0.771,happy
0DGTcMqvVR7fmBXgiG6jz4,Just A Cloud Away,0.432,0.89,0.46,0,-8.155,1,112.555,0.677,happy
0bePGTDjn0XuEKoN7rOMvV,Undercover Martyn,0.000244,0.454,0.873,1.73e-05,-5.072,1,159.814,0.562,happy
0rAzw6N1msr3fNzqmOLLU9,Tommy Bahama,0.108,0.401,0.895,0.0759,-5.382,1,176.009,0.726,happy
2Rhh3ZhukJfTKoBVzIYTaf,Murder On The Dancefloor - PNAU Remix,0.0924,0.696,0.827,0,-4.628,1,116.0,0.787,happy
4kP69y3GKHi9tXckfgp4bK,For Once In My Life,0.195,0.524,0.519,0,-11.903,1,110.121,0.847,happy
3e0yTP5trHBBVvV32jwXqF,Anna Sun,0.00173,0.472,0.844,0,-6.578,1,140.034,0.34,happy
4j4pPKE3xAblPIbhxScC1j,Rawnald Gregory Erickson the Second,0.229,0.9,0.538,0.843,-7.879,1,95.508,0.713,happy
36SrRVOxaL3YgE5t2VHh7k,Fresh Wind,0.224,0.629,0.522,0,-10.652,1,99.995,0.762,happy
6b6IMqP565TbtFFZg9iFf3,"I Can't Help Myself (Sugar Pie, Honey Bunch)",0.245,0.667,0.599,0,-8.894,1,127.935,0.971,happy
5ihS6UUlyQAfmp48eSkxuQ,Landslide,0.883,0.414,0.161,0.000223,-22.32,0,159.375,0.423,sad
3D0fUBloGwPcLGLyheGWXu,Dance with Me,0.551,0.565,0.392,0.000106,-10.083,1,98.485,0.493,happy
2DccHqTquzubziHAPZRdct,B-Side,0.0777,0.732,0.734,0.172,-10.574,1,104.764,0.687,happy
58G48t6eicC81u3W2OHFeq,Little Monk (feat. Karriem Riggins),0.381,0.622,0.591,0.86,-8.91,1,167.726,0.518,happy
1QEZIhNmz28cJ2Lr45MKJ4,Hot Rod Hearts - Remastered,0.334,0.601,0.487,1.6e-06,-11.119,1,118.371,0.674,happy
5BhlE0di2Qeey289ECk9IF,Sailing,0.279,0.781,0.444,0.261,-8.507,1,81.998,0.419,happy
2e9OK4HiyXyAH5oEtaxnIc,Australia Street,0.0215,0.456,0.69,0,-8.092,1,77.66,0.512,happy
6RiiSy9GzSwiyDEJDiMuKe,Something About You,0.0332,0.648,0.781,0.013,-8.736,0,133.417,0.822,happy
1BXAyGazbybUVNQ0VmGsdl,Free Yourself,0.00286,0.688,0.91,1.07e-05,-4.496,0,119.024,0.77,happy
6FE2iI43OZnszFLuLtvvmg,Classic,0.0384,0.72,0.791,0,-4.689,1,102.071,0.756,happy
18dlAFKaajLjRgBNZZ4ThU,Not My Fault (with Megan Thee Stallion),0.1,0.811,0.792,0,-6.081,0,124.01,0.854,happy
7cYuXEJSfRLZUrekVDh6jh,Valley Girl,0.461,0.394,0.525,0.413,-6.19,1,111.702,0.386,happy
6ac6RlvEhiFraIxBYHhg1j,A Pirate Looks At Forty,0.79,0.565,0.225,4.06e-05,-17.384,1,118.937,0.415,happy
7HX9f8AMBl0vQxAoAzLqhS,You Make My Dreams (Come True),0.13,0.749,0.484,0.137,-9.944,1,167.084,0.939,happy
4Haicfh6o86Q0vjsKimZvt,always learning not what to do,0.609,0.634,0.707,0.532,-6.637,1,76.989,0.542,happy
5IMlULsFntQDQrCrvRpXFd,Falling Down,0.694,0.582,0.421,0.159,-11.45,0,81.92,0.253,happy
64dLd6rVqDLtkXFYrEUHIU,New Gold (feat. Tame Impala and Bootie Brown),0.0425,0.695,0.923,0.0469,-3.93,0,108.014,0.551,happy
483Jj7XXbE0E1mHCxFAYLT,medicine,0.909,0.844,0.198,0.000155,-10.367,1,109.031,0.537,happy
1RfPf0W4OlIWROTV5Afs3S,Cotton Candy Lemonade,0.514,0.711,0.436,2.07e-05,-7.917,0,100.998,0.45,happy
5aIVCx5tnk0ntmdiinnYvw,Water,0.0856,0.673,0.722,0,-3.495,0,117.187,0.519,happy
2sLVs5iX0osogh4jcsAJkv,Danielle (smile on my face),0.00159,0.678,0.931,0.0275,-5.813,1,130.021,0.346,happy
2WVz9Mtp3E8HCblGiu3nCv,Use Me,0.0474,0.748,0.638,0.0014,-12.028,0,154.709,0.961,happy
7i3xpu7SFWvzhGa9AZyySR,Reminiscing - Remastered 2010,0.762,0.35,0.443,0.00192,-11.01,1,189.125,0.345,happy
6Et9MYUuK2OkYE3ce2F0oK,Going Gets Tough,0.225,0.501,0.769,0,-6.257,1,162.047,0.737,happy
0KyMzgnV6wtuiSXNrSwbmF,Bees,0.0231,0.588,0.855,0.00512,-5.166,1,135.98,0.82,happy
63SevszngYpZOwf63o61K4,Nevermind,0.159,0.6,0.688,1.29e-05,-8.339,0,99.977,0.0793,happy
2AhPep6xcLbpqLwo4c0P6q,No Worries,0.00741,0.742,0.8,1.23e-06,-5.773,1,95.03,0.758,happy
0ufK29CoMI8H6aWV7BXXbl,Lara,1.82e-05,0.284,0.894,0.129,-7.549,0,174.803,0.475,happy
6UnCGAEmrbGIOSmGRZQ1M2,Light On,0.201,0.657,0.569,1.38e-05,-6.287,1,102.054,0.399,happy
4r6nfH8MlWFLGXRpaNmfcv,Nova Scotia 500,0.0532,0.604,0.768,0.721,-4.515,0,135.091,0.476,happy
40SBS57su9xLiE1WqkXOVr,Afraid To Feel,0.0166,0.578,0.912,0.00362,-3.929,1,127.87,0.68,happy
63xdwScd1Ai1GigAwQxE8y,Let's Stay Together,0.582,0.756,0.401,0.011,-10.702,0,101.954,0.514,happy
1mea3bSkSGXuIRvnydlB5b,Viva La Vida,0.0954,0.486,0.617,3.23e-06,-7.115,0,138.015,0.417,happy
4G14XbZpRGNcMTpxwRHrB2,Key Largo,0.71,0.556,0.522,0,-9.016,1,101.737,0.322,happy
5ruzrDWcT0vuJIOMW7gMnW,The Adults Are Talking,0.0113,0.593,0.749,0.106,-5.67,1,164.959,0.649,happy
0AjmK0Eai4zGrLaJwPvrDp,Too Sweet,0.0295,0.741,0.62,0.000809,-5.505,1,117.038,0.934,happy
35w6fQ0Wnuv7aIryRx7gTq,B-A-B-Y,0.428,0.74,0.301,0,-11.975,1,113.61,0.669,happy
0QHEIqNKsMoOY5urbzN48u,Made You Look,0.34,0.834,0.522,1.59e-06,-3.574,1,145.035,0.854,happy
1eNrlXlW7Cj1QB1YUcZmpb,Campus,0.22,0.639,0.704,0.0872,-5.818,1,162.983,0.645,happy
0pDCVNozy0RLEfQpJ6bPYJ,Boys of Autumn,0.122,0.73,0.637,0.000132,-9.189,1,120.134,0.451,happy
3n69hLUdIsSa1WlRmjMZlW,Breezeblocks,0.096,0.615,0.658,0.000911,-7.299,1,150.093,0.293,happy
2vLaES21zwbX1Rnmj56Bbb,I'll Be Around,0.175,0.593,0.791,0,-8.698,0,112.295,0.63,happy
7cujJQPxdHeDz5mKLmv0bu,Something About Your Love,0.0134,0.587,0.826,0.000131,-5.728,1,122.02,0.274,happy
2lnOYfJOT8EW9UwK9M1jvz,yin to yang,0.865,0.297,0.26,0.0186,-10.917,0,78.604,0.087,happy
7CQ65pJJyym5gsmOmv3i0C,Open Up,0.193,0.692,0.457,0.00253,-10.763,1,88.732,0.214,happy
6NgvAmrhjUENGdtVQnBHx8,Cinderella,0.0732,0.721,0.823,2.18e-06,-4.596,1,102.989,0.573,happy
6wnzt59p7i8cAyuWl1avwr,If We’ll Ever Be Remembered,0.0353,0.502,0.554,0,-5.788,1,125.786,0.512,happy
1s0EhxGMlnR0E47dRmwFZe,Yes,0.309,0.538,0.518,0.943,-8.881,1,108.047,0.776,happy
1rwGdnrtWnPYBipRrjnzEm,O-o-h Child,0.00156,0.512,0.56,0.000168,-10.429,1,87.277,0.551,happy
745H5CctFr12Mo7cqa1BMH,My Girl,0.636,0.574,0.418,0,-10.739,1,104.57,0.692,happy
0GjEhVFGZW8afUYGChu3Rr,Dancing Queen,0.358,0.543,0.87,0.000939,-6.514,1,100.804,0.754,happy
4h9wh7iOZ0GGn8QVp4RAOB,I Ain't Worried,0.0826,0.704,0.797,0.000745,-5.927,1,139.994,0.825,happy
5SqHQPdRnsypIJEJNTspWE,Caroline,0.633,0.51,0.593,0.000831,-9.058,1,88.977,0.417,happy
55BCpfZp7sVgGBzBlGW5f0,Sonido Cósmico,0.942,0.428,0.413,0.907,-12.79,0,64.541,0.221,happy
1NpIUD4KqHaMT91kw0YV40,Honey Boy (feat. Nile Rodgers & Shenseea),0.0103,0.724,0.8,9.38e-05,-5.468,0,119.984,0.925,happy
5PQFmB2xhRkJTUWDKccBoP,You Know What I Need,0.0152,0.768,0.896,0,-3.501,0,109.959,0.829,happy
7GahBNine4Ru5Shs1GGpcr,Jealous,0.0203,0.676,0.505,0.0337,-6.557,0,175.915,0.944,happy
3o1ah1V2PJDtsCyDCpwXe4,Slowing Down,0.165,0.345,0.449,0.866,-10.434,0,83.318,0.0707,happy
7HOmCnPcSoTpaUa2XVXxfo,Too Much Love to Hide - 2005 Remaster,0.0281,0.688,0.74,9.39e-05,-10.276,1,122.698,0.934,happy
2x03XLsTZ0o86h0cfHrkKF,After Hours,0.069,0.729,0.777,0.00162,-3.991,1,121.016,0.744,happy
2MLHyLy5z5l5YRp7momlgw,Island In The Sun,0.00719,0.654,0.81,0.00251,-6.26,0,114.622,0.661,happy
6xp1u6ZEHXX8DxJIFFrVoP,Little Things x Gypsy Woman - L BEATS MASHUP,0.00423,0.644,0.879,6.91e-06,-5.204,0,126.935,0.808,happy
3boC2M1D82RuRJhUOkSHtg,Answering Machine,0.83,0.582,0.269,0.869,-16.127,1,119.93,0.0419,happy
6iCJCZqDJjmBxt07Oid6FI,Buttercup,0.199,0.623,0.763,6.52e-06,-4.412,1,108.871,0.199,happy
5OuaAMBmGjjJMK7yXpaFAK,Doctor My Eyes - 1997 Remaster,0.24,0.402,0.643,3.91e-05,-8.749,1,150.086,0.525,happy
00kvKlIvfzQLSi6T2zwXuS,Strawberry Letter 23,0.269,0.73,0.622,0.00874,-11.7,0,90.973,0.752,happy
4iG2gAwKXsOcijVaVXzRPW,Time to Pretend,8.74e-05,0.438,0.94,0.0777,-3.249,1,100.99,0.421,happy
4UQy41kC5LjzwQuiuWOpwA,Starlight (Keep Me Afloat),0.0667,0.558,0.715,0,-5.231,1,127.001,0.297,happy
54vmnIj6yLipSrw1KMK3zg,Way Out,0.928,0.351,0.358,0.895,-13.091,1,176.703,0.146,happy
3XagHd6dQ24vSujx0ADqXK,Blood Milk Moon,0.747,0.683,0.472,0.925,-10.75,0,111.778,0.615,happy
1sibZ12UhxsG33aQgcXYCp,A Promise,0.667,0.584,0.587,0.0696,-6.587,1,101.4,0.401,happy
4VywXu6umkIQ2OS0m1I79y,Better Together,0.308,0.868,0.347,2e-05,-9.529,1,110.059,0.659,happy
4Fytcp4IWboBp8s30t8geH,Spice It Up,0.00959,0.407,0.954,0.000139,-3.553,1,160.069,0.445,happy
7leW1Dmvs9A4oDh9i5Qwpz,These Words,0.017,0.595,0.989,0,-2.695,1,129.989,0.223,happy
0GONea6G2XdnHWjNZd6zt3,Summer Of '69,0.0183,0.509,0.834,0,-6.205,1,139.13,0.774,happy
4laAKIq9ZxBCwf99rauPYb,Remember,0.041,0.612,0.862,0,-2.903,1,123.849,0.354,happy
5c33j1xFVOL4G24zxYhssB,This Old Heart Of Mine (Is Weak For You),0.346,0.632,0.59,0,-10.206,1,130.287,0.953,happy
2Lumsra3kuU61wXkEKzKaK,Disco,0.0253,0.473,0.621,0.000366,-8.698,0,173.083,0.782,happy
4CoSCPlKNrWli7E5kFtbcl,Little Lies - 2017 Remaster,0.216,0.64,0.649,8.3e-05,-10.345,1,124.825,0.865,happy
1PSgxaEuyipWKRHoqsrqge,60's Baby. (feat. Madeline The Person & thekid.ACE),0.816,0.415,0.266,0.00513,-13.077,1,175.382,0.269,happy
0L3XCv9i9IHs8cJEVhsJ3J,More Than A Woman - SG's Paradise Edit,0.00469,0.679,0.762,0.23,-4.253,0,105.407,0.511,happy
6CvTEtGagmzQvkUzzyKR9k,HARLEY QUINN,0.067,0.793,0.761,0.0045,-5.482,0,125.045,0.635,happy
6QhXQOpyYvbpdbyjgAqKdY,Cecilia,0.357,0.755,0.876,5.17e-06,-8.867,1,102.762,0.954,happy
1JQ6Xm1JrvHfvAqhl5pwaA,Easy,0.111,0.591,0.387,3.23e-05,-15.077,0,132.921,0.358,happy
415dK4glwDO7fXxYg3np8B,Pictures of Girls,0.000248,0.443,0.819,0.00759,-5.502,1,154.958,0.494,happy
0TAHhMjG17P5pzlSm1sgSl,Funky Galileo,0.164,0.802,0.325,0.162,-9.327,1,110.995,0.648,happy
2ddMhH1c6ADfxdO1ExxFBW,Sol Tibi Signa Dabit,0.171,0.454,0.613,0.936,-10.733,0,180.145,0.899,happy
0tZkVZ9DeAa0MNK2gY5NtV,Baby I'm Yours,0.726,0.829,0.792,5.83e-06,-3.755,0,118.05,0.758,happy
2WGcpz55A2vrvh6foEGCNL,Calling After Me,0.00598,0.636,0.797,4.26e-06,-4.644,1,139.963,0.965,happy
5imShWWzwqfAJ9gXFpGAQh,Waiting On the World to Change,0.157,0.578,0.756,0.000232,-5.82,1,176.739,0.663,happy
1t2Hq2WIBcZINOEnK6mdJG,Save Tonight,9.24e-05,0.547,0.693,5.46e-05,-8.786,1,119.567,0.583,happy
49FHYvCtxzbtvEVZqHOBHE,Pool,0.819,0.608,0.502,0.841,-7.961,1,135.514,0.118,happy
23TcFJ0XSv7jugzpucHNW7,Marina Del Rey,0.86,0.908,0.371,0.102,-14.792,1,111.775,0.761,happy
3U5JVgI2x4rDyHGObzJfNf,Unwritten,0.00584,0.706,0.8,0,-6.333,1,100.011,0.629,happy
7AyjVbkONi9ENQOyorxsIT,Terms & Conditions,0.866,0.489,0.378,0.466,-11.451,1,109.845,0.347,happy
0GO8y8jQk1PkHzS31d699N,Tongue Tied,0.00847,0.56,0.936,0,-5.835,1,112.96,0.371,happy
2DVvsgWrZ4rUjupdRGYEXK,Endless Summer,0.00265,0.588,0.804,0,-5.594,1,124.055,0.381,happy
403SdJ62eNPjNc94vJQJOu,Japanese Posters,0.00743,0.671,0.632,8.5e-06,-6.635,0,95.028,0.829,happy
0KIpuVYhKUUUpjo6H5NvBY,After Midnight (feat. Clairo),0.0153,0.639,0.82,0.00405,-5.986,1,100.013,0.667,happy
5IXfPffHYMM9a7nrHWjh8l,"Who's Right, Who's Wrong",0.69,0.633,0.303,0.00539,-16.706,1,83.365,0.593,happy
7uJkYfpWvJiiBGsChnk56I,Say Cheese,0.0868,0.821,0.732,0,-3.141,0,105.078,0.802,happy
7D7oIpsm4trbxthAU7JMtB,Potential,0.014,0.597,0.648,0,-4.967,1,81.982,0.0878,happy
65jrjEhWfAvysKfnojk1i0,Under the Boardwalk,0.908,0.747,0.226,0.000168,-13.635,1,123.792,0.778,happy
5jOhS3S7vTj9yQ4UmEk8qj,The Music Began To Play,0.00151,0.738,0.936,0.707,-3.451,0,127.022,0.27,happy
66JOl2uj2S6t9h6BxtLhwO,Love On The Run,0.115,0.532,0.67,0.688,-7.761,1,139.984,0.338,happy
4SlCb8n5Jw52astU7GWPyV,Somebody's Baby,0.146,0.741,0.742,1.64e-05,-7.822,1,116.951,0.889,happy
5Yi6mwvMHnnh241uGjcJYy,Son Of A Son Of A Sailor,0.496,0.472,0.18,1.39e-06,-18.835,1,123.596,0.373,happy
3sTc75CCyIw4FPs6cXkOe7,Save Room,0.0451,0.69,0.572,0,-6.131,1,111.92,0.375,happy
3zBhihYUHBmGd2bcQIobrF,(Sittin' On) the Dock of the Bay,0.683,0.768,0.367,1.79e-05,-11.226,1,103.621,0.532,happy
0KG7XrgM20KEmJrKsyFDAm,Let You Go,0.101,0.584,0.955,0.00243,-4.197,0,128.04,0.486,happy
5Hroj5K7vLpIG4FNCRIjbP,Best Day Of My Life,0.0591,0.673,0.902,0.000227,-2.392,1,100.012,0.536,happy
7rMomVJTqGMjJnXRlgf4Wh,Do The Dance,0.353,0.58,0.41,0.0163,-7.364,1,143.681,0.426,happy
3LUWWox8YYykohBbHUrrxd,We R Who We R,0.00987,0.736,0.817,0.00167,-4.9,1,119.95,0.653,happy
5kyJ6sznnWACqHbw65p34Q,Summer In New York,0.397,0.706,0.77,1.84e-05,-6.224,0,117.075,0.967,happy
3gbBpTdY8lnQwqxNCcf795,Pompeii,0.0755,0.679,0.715,0,-6.383,1,127.435,0.571,happy
4pFJoK8BYWUFWYpwWIrAS1,Stay Away,0.0146,0.274,0.987,0,-4.407,0,182.088,0.18,happy
5dXED6MP1v1qghkaniirb1,You Can Do Magic,0.29,0.859,0.568,0,-12.516,0,129.72,0.936,happy
5Z0MrFDEIDB075We9w9276,Call Me,0.0634,0.573,0.786,0.212,-4.354,1,110.289,0.612,happy
39JofJHEtg8I4fSyo7Imft,B.O.T.A. (Baddest Of Them All) - Edit,0.161,0.733,0.921,0.662,-7.077,1,136.996,0.729,happy
1o8Z7GD1CeOaVBEyuzu4HO,On My Mama,0.551,0.481,0.539,0.00539,-7.865,0,153.277,0.621,happy
6bp0sJ0l3Ab3ZU0aktsYCf,Sun Will Shine,0.00633,0.534,0.714,0,-6.347,0,125.99,0.415,happy
7hdNTegC0TCKKoxB6GTFH3,Lighter,0.133,0.674,0.799,0,-4.889,1,124.933,0.578,happy
7Az7rVogNu6XpLnykVI5fA,Blame Brett,0.00527,0.461,0.87,1.59e-05,-3.458,0,155.913,0.79,happy
6XaJfhwof7qIgbbXO5tIQI,Igual Que Un Ángel (with Peso Pluma),0.00449,0.695,0.592,0.000663,-5.34,0,108.001,0.482,happy
1Hv1VTm8zeOeybub15mA2R,Smooth Operator - Single Version,0.238,0.734,0.58,0.0006,-6.619,0,119.336,0.962,happy
1yjY7rpaAQvKwpdUliHx0d,Still into You,0.0098,0.602,0.923,0,-3.763,1,136.01,0.765,happy
0ZDwhNFZnPx9EIPCcwGUHC,Hell N Back (feat. Summer Walker),0.288,0.64,0.673,2.15e-06,-4.519,0,209.942,0.736,happy
3FeyEh29dmM6pAtR90GJC7,Good Life,0.493,0.808,0.773,0,-5.097,1,95.993,0.908,happy
0fYVliAYKHuPmECRs1pbRf,Renegades,0.0144,0.526,0.862,0.0597,-6.003,1,90.052,0.528,happy
5PXZlm9dBDA8dBXxle5Da8,Better Times,0.0449,0.567,0.865,0.0026,-5.482,1,126.996,0.509,happy
0Nux6Q8aJZ1i4vUpPDBvlX,What Is Life (2014 Remaster),0.00654,0.471,0.839,0.000278,-5.928,1,131.362,0.895,happy
0e8nrvls4Qqv5Rfa2UhqmO,THATS WHAT I WANT,0.00614,0.737,0.846,0,-4.51,0,87.981,0.546,happy
2nGFzvICaeEWjIrBrL2RAx,Put Your Records On,0.167,0.739,0.511,1.34e-06,-7.844,1,96.038,0.542,happy
1gH1h30wkQdd9zhY3j7a8T,THE SHADE,0.391,0.898,0.509,0,-7.973,1,119.869,0.727,happy
4iAjjXGCKNQCtFklN48w7n,Every Beginning Ends,0.63,0.627,0.36,4.16e-05,-9.93,1,116.944,0.39,happy
5e9TFTbltYBg2xThimr0rU,The Chain - 2004 Remaster,0.009,0.545,0.67,0.000822,-8.81,1,151.553,0.481,happy
6a8LfgC5aAaHNhsQcGQY1r,Antibodies - LP Giobbi Remix,0.175,0.61,0.765,1.05e-06,-4.914,1,125.028,0.243,happy
4v2rkl1mC3zVAz0nXMx9r4,Heart Of Glass,0.0548,0.77,0.654,0.000498,-6.107,1,114.82,0.686,happy
2fDHuS1PTkHBbCWWZF1ph9,"Folsom Prison Blues - Live at Folsom State Prison, Folsom, CA - January 1968",0.0652,0.621,0.524,0.00199,-15.269,1,110.586,0.889,happy
60RaJR9WDuED6orXYyXOAR,Leap Of Faith,0.409,0.719,0.906,0.00692,-6.13,0,143.516,0.746,happy
2AYEOC02WLhUiOoaig2SEH,Out of My League,0.0387,0.545,0.968,0.00325,-3.553,0,169.965,0.527,happy
6dpLxbF7lfCAnC9QRTjNLK,Home,0.0289,0.583,0.676,0.0634,-4.44,1,77.002,0.134,happy
46E2xeKBLrxS8hJ37Gq35G,Billie (loving arms),0.0561,0.648,0.775,0,-4.798,1,128.072,0.371,happy
260Ub1Yuj4CobdISTOBvM9,Wet Dream,0.000927,0.721,0.701,0.026,-5.941,1,130.091,0.892,happy
587xXusqiMW9gSXkNK8Zxf,What A Life (feat. Stevie Appleton),0.0113,0.677,0.732,0.227,-5.028,0,126.018,0.242,happy
7sfMjwBcAatrNH46rn1YsK,Moonlight Feels Right,0.468,0.67,0.778,7.52e-05,-8.11,1,120.391,0.853,happy
4pL6ttMaK39bVEvGhDTOmE,Floating,0.132,0.589,0.677,0.0824,-11.292,0,116.033,0.114,happy
4iAADGCKIR9GkLGvAHfZUS,Beat Goes On (Rhythm to the Brain),0.00563,0.821,0.781,0.0191,-4.465,1,137.017,0.434,happy
3q4aF4bp248tWr7lAyoFHe,Let It Out,0.327,0.682,0.294,0,-15.621,1,101.538,0.598,happy
0tMMPZEt6Gyrl9FI8zSicm,Glue Song (feat. Clairo),0.778,0.621,0.393,0.00703,-9.553,1,113.925,0.53,happy
3u9g38eyqu5eJxU4Mhhzam,This Night Won't Last Forever,0.544,0.621,0.439,0,-14.18,1,106.613,0.666,happy
4CUX44NA1CPEzd0ibMLQsL,Make Me Feel Good,0.0627,0.773,0.74,0.00183,-8.169,0,124.014,0.504,happy
1YLJVmuzeM2YSUkCCaTNUB,Dog Days Are Over,0.0416,0.492,0.81,0.00379,-5.315,1,149.954,0.245,happy
4RvWPyQ5RL0ao9LPZeSouE,Everybody Wants To Rule The World,0.347,0.645,0.795,0.00389,-12.095,1,112.067,0.535,sad
6clrt5x5viq13LZwEnHcur,Mas Que Nada,0.566,0.644,0.483,5.33e-05,-14.561,0,88.622,0.841,happy
3gNmgzx1vOFcsA5UmIULgn,Chamber Of Reflection - live stream 5/19/23,0.968,0.275,0.0784,6.55e-05,-13.904,0,63.211,0.225,happy
1h4zfNDe8UapUvTuaDsTuM,Good Feeling,0.0127,0.693,0.845,1.84e-06,-3.27,1,125.009,0.498,happy
0sfrbCvmUUfJgZlKqXQbQ6,The Walk Home,0.0062,0.515,0.899,1.18e-05,-6.404,1,124.993,0.31,happy
72PoJMDfdaw9gGECgA9kTZ,Nothing From Nothing,0.613,0.808,0.83,0.0112,-3.995,0,102.8,0.909,happy
5W3ut9fKvknIV1TCzUl2Lo,SummerBrain,0.599,0.718,0.443,0.124,-9.118,0,72.983,0.45,happy
4PFnROqBlAVnizUrhF1x7C,Don't Dream It's Over - Recorded at Sound Stage Studios Nashville,0.711,0.765,0.495,0.00555,-6.267,1,76.013,0.562,happy
1KO4aiGkvF1eMTBrzL4vAd,I Don't Want to Talk,0.0133,0.461,0.908,1.4e-06,-3.222,1,162.042,0.636,happy
6dGnYIeXmHdcikdzNNDMm2,Here Comes The Sun - Remastered 2009,0.0339,0.557,0.54,0.00248,-10.484,1,129.177,0.394,happy
4luohviQijMNU3yWu8xUMr,Beat Of Your Heart,0.00293,0.751,0.755,9.32e-06,-5.183,1,120.97,0.496,happy
4Z59a9hIn8EMsni3OiqGso,Think Fast (feat. Weezer),0.368,0.538,0.452,2.26e-05,-7.994,1,168.102,0.209,happy
5AHjRKFCVUaRClF2Oxx8Ld,Save It For A Rainy Day,0.572,0.625,0.536,8.03e-05,-8.962,1,129.178,0.729,happy
0ve0CavjqrUqVmZ605RhTV,Jump,0.0297,0.79,0.716,1.87e-05,-3.446,0,100.104,0.627,happy
0DcrhZ12WcCqruCs8ibXSf,I Can See Clearly Now - Edit,0.633,0.681,0.373,0.00113,-13.2,1,123.423,0.623,happy
4YMc3A256xFBS0xcT77Qce,help herself,0.623,0.607,0.851,0.351,-7.754,0,168.049,0.479,happy
73RbfOTJIjHzi2pcVHjeHM,What It Is (Solo Version),0.061,0.74,0.758,1.44e-06,-5.851,0,171.925,0.757,happy
4bJtAN2xYEsivCVOMhcSwY,When I'm Alone,0.0586,0.592,0.63,0,-5.56,0,119.984,0.127,happy
14mxkRSXKwq5vsx1xPUdau,Black Car,0.592,0.634,0.391,0.000653,-12.829,1,96.959,0.251,happy
0TRXeJE4GjC6hpX3WovRP9,Loved By U,0.0973,0.58,0.893,0.0109,-5.24,0,116.952,0.355,happy
5TAf4lnZCZTLlZHNZMLFLi,I Try,0.313,0.593,0.642,0.000582,-7.284,1,76.403,0.736,happy
7BqBn9nzAq8spo5e7cZ0dJ,Just the Way You Are,0.0134,0.635,0.841,0,-5.379,1,109.021,0.424,happy
4ZhJuTXXGZrBYh96z32sQz,20221102 The Truth,0.9,0.873,0.173,0.713,-22.633,1,146.83,0.695,happy
42et6fnHCw1HIPSrdPprMl,Semi-Charmed Life,0.00832,0.64,0.864,0,-6.576,1,102.026,0.701,happy
2eAvDnpXP5W0cVtiI0PUxV,Dandelions,0.0157,0.609,0.692,0,-2.958,1,116.959,0.454,happy
6If1Aw9BpAtmnP1GByGjfr,Comin’ Around Again,0.00784,0.697,0.443,0.0237,-7.227,1,76.995,0.807,happy
5ftdTvmQjjsL23t7jxADfI,Brazil,0.0918,0.689,0.617,2.08e-05,-5.196,1,121.062,0.682,happy
2N1xPOMaQRyQ9SAIiLkESd,Settle Down,0.803,0.503,0.528,0.787,-8.959,0,72.025,0.234,happy
11sca0kohiR73mPDy9qhZv,All We Ever Do Is Talk,0.0486,0.473,0.873,0,-5.493,1,153.028,0.584,happy
33o5QF5ZEAllqV4jDnRYu7,Million Dollar Bill,0.000441,0.787,0.812,0.0192,-5.742,0,129.962,0.823,happy
67JfEpAFRL9ODmfh0LI1Yf,Naga Damai,0.0124,0.563,0.729,0.927,-8.324,0,113.166,0.676,happy
6igsoAR6Co9u7Rq3U7mlOD,Hollywood Swinging,0.0195,0.623,0.824,0.13,-8.971,0,111.356,0.574,happy
2DtUUBwYwEzKMTMDrc5EiO,girls like me don't cry,0.403,0.857,0.557,0,-5.713,0,109.987,0.462,sad
6pPQPAKd5CAwmuNa1p48JS,The Green Superintendent,0.564,0.704,0.746,0,-5.498,0,152.006,0.771,happy
5p9XWUdvbUzmPCukOmwoU3,Suddenly I See,0.225,0.587,0.767,0,-5.713,1,100.38,0.664,happy
0SMkzFGJOBFDI9KfYD55L0,There She Goes,0.0129,0.536,0.854,0.743,-6.907,1,122.733,0.905,happy
4MXE6VCvTsQitHWrAxj7Kg,Maple Syrup,0.0447,0.543,0.526,0.0533,-9.703,1,153.0,0.384,happy
6gXrEUzibufX9xYPk3HD5p,Life in the Fast Lane - 2013 Remaster,0.0966,0.667,0.755,6.94e-05,-7.246,1,109.535,0.883,happy
5e9f2mQ8DYtZa9UcrZZRNt,Mexico,0.259,0.752,0.649,0.00833,-6.356,1,117.983,0.962,happy
1Cwsd5xI8CajJz795oy4XF,You Get What You Give,0.17,0.621,0.901,0,-5.396,1,113.967,0.744,happy
01gwPP2h3ajRnqiIphUtR7,ABC,0.426,0.722,0.804,0.000504,-7.84,1,93.65,0.961,happy
61EuOHKJepAeaXUTGUqfH4,Sol Del Sur,0.00191,0.557,0.603,0.171,-12.043,1,122.07,0.765,happy
2eF8pWbiivYsYRpbntYsnc,"Signed, Sealed, Delivered (I'm Yours)",0.0534,0.675,0.597,0,-11.329,1,108.875,0.828,happy
5lc9L9FeLBwlJPgEbq9uEw,Can You Get To That,0.672,0.681,0.897,0,-5.44,1,140.803,0.852,happy
5PY9fTLp4MPXsbeRouS8gd,More Love (feat. Secondcity),0.00373,0.572,0.951,0.0529,-4.566,0,123.984,0.276,happy
6fNID7koTl1dZBCs6FmK4E,Heart Of The Night,0.0029,0.639,0.417,0.000218,-15.345,1,98.818,0.778,happy
3tSi6iFO9yLGIYIqMEgjC9,I Want You Back,0.436,0.67,0.584,0.006,-8.325,1,98.185,0.944,happy
05ZUxHiGT7VR6ShJjhwJxn,Down the Line,0.237,0.615,0.743,0.00431,-6.569,1,162.22,0.528,happy
6ECwimRuwOxwQv5VXoN5Mt,Doin' Time,0.342,0.622,0.693,0.000708,-5.812,0,144.936,0.446,happy
0R3TWpoxAhT3HDXM7tpRzS,Ghostride,0.516,0.665,0.351,0.819,-9.424,1,87.057,0.451,happy
6nOyxthqenZOOl1sWNeg2v,Obsession,0.242,0.603,0.821,0.615,-6.433,1,94.939,0.572,happy
0zS5yED1tcpP5gXTTj0IL0,The Lady Wants to Know,0.276,0.646,0.357,0.00731,-17.353,1,98.537,0.508,happy
4lAasiKJZR4CkDygazvpvB,strawberry chainsaw,0.258,0.614,0.902,3.63e-05,-2.932,1,100.016,0.626,happy
3AW8RH8wosGLxd6ZojTGBe,Hard to Handle,0.573,0.666,0.549,1.84e-06,-8.672,1,95.552,0.961,happy
5zA3gMIFlgnhNQj39GcTqE,Set Me Free,0.00372,0.683,0.977,0.0109,-2.582,0,129.996,0.884,happy
5nIqitaV7WyyuM3KVUju1G,"Changes In Latitudes, Changes In Attitudes",0.573,0.719,0.44,0.000291,-15.11,1,125.487,0.82,happy
3kXoKlD84c6OmIcOLfrfEs,September,0.146,0.674,0.832,5.06e-06,-7.892,1,125.996,0.981,happy
5L6sVTCur1s0IuB7Nvs3pA,Sun Rise Swell,0.287,0.627,0.758,0.954,-5.358,0,79.996,0.613,happy
1Rvl8qsKJurfFTyWLBI9ib,"Baby, I Love Your Way",0.0528,0.651,0.747,0,-7.269,0,147.518,0.776,happy
2kebNtlS7DqWE54Z66FZIt,Keep Your Head Up (Album Version),0.0418,0.67,0.786,0,-5.216,1,90.009,0.806,happy
2qSkIjg1o9h3YT9RAgYN75,Espresso,0.107,0.701,0.76,6.54e-05,-5.478,1,103.969,0.69,happy
1RF02Cf80mTaeNXG2P2boR,21 Reasons (feat. Ella Henderson),0.0165,0.621,0.785,5.92e-06,-4.499,1,123.96,0.779,happy
0yvPEnB032fojLfVluFjUv,Sorry Not Sorry,0.0242,0.705,0.643,0,-6.929,0,143.944,0.884,happy
0Omt3rVppHIlYFXNL1VWgL,Do You Love Me - Mono Single,0.586,0.596,0.793,1.86e-06,-6.611,1,150.256,0.8,happy
1yvMUkIOTeUNtNWlWRgANS,Unstoppable,0.112,0.468,0.779,0.000373,-4.839,1,173.799,0.26,happy
5mJN7OPMym5RU7iODPV7SL,paralyzed,0.851,0.661,0.331,0,-9.482,1,81.563,0.569,happy
4HlFJV71xXKIGcU3kRyttv,"Hey, Soul Sister",0.185,0.673,0.886,0,-4.44,0,97.012,0.795,happy
003vvx7Niy0yvhvHt4a68B,Mr. Brightside,0.00121,0.352,0.911,0,-5.23,1,148.033,0.236,happy
6Q91XsqLpcBOK71BsCNl3U,Never Learned To Dance,0.449,0.622,0.621,6.04e-05,-6.49,1,72.566,0.525,sad
4nAmlRetwMEZr2TsXuHcpD,Boys,0.0339,0.515,0.771,1.81e-05,-5.081,1,104.995,0.552,happy
2DkZisoN9h1dLa8Sn5sx0n,Bitter,0.0487,0.203,0.715,0.00082,-5.485,1,78.554,0.327,happy
74t8MRGyoMSIkiN1f43gKc,What Can I Say (2023 Remaster),0.0392,0.737,0.457,0.00299,-11.206,1,115.025,0.824,happy
6oYXbji1rn7U6bFuNYekpQ,Run,0.0313,0.601,0.879,0,-2.673,0,124.013,0.589,happy
6Tio0ZoDeSQnI7EBAqWer2,Cover Me In Sunshine,0.0599,0.476,0.594,0,-6.879,1,159.702,0.314,happy
1nPXBgflWZSAomAon6i7qw,Alone in My Room,0.933,0.364,0.165,0.144,-12.12,1,120.308,0.0866,happy
2145px2VY14o2Pgr0OIttX,May Ninth,0.342,0.594,0.356,0.854,-11.191,0,80.839,0.544,happy
2xar08Fq5xra2KKZs5Bw9j,I've Got a Woman,0.833,0.556,0.61,2.22e-06,-4.729,1,199.373,0.665,happy
0NnyYBnyStcNKDu7PejLPF,Love the One You're With,0.367,0.75,0.78,2.67e-06,-7.861,1,94.864,0.738,happy
5HZchgrpAreegk6UGs0zHr,Still Right Here In My Heart,0.561,0.59,0.479,3.22e-06,-12.167,1,115.474,0.709,happy
5YLnfy7R2kueN0BRPkjiEG,I'll Take You There,0.0904,0.846,0.595,1.96e-06,-8.372,1,101.632,0.78,happy
0LbZxI8FZU1E48EqF9XgC0,Happy Music,0.0421,0.777,0.737,0.379,-5.86,0,123.993,0.891,happy
0xuecKhU77GCzBIcrQJIU1,Overpowering,0.0779,0.641,0.579,0.0015,-5.895,0,82.0,0.557,happy
0i3pE7eoqghj9gdRoBd8tU,Hoboken,0.425,0.543,0.427,2.4e-05,-9.295,1,86.019,0.124,happy
6GOTL6XgV6eiDTBsKIhzc9,Moonlighting,0.117,0.789,0.665,0,-8.099,1,128.217,0.956,happy
3XKIUb7HzIF1Vu9usunMzc,Maria Maria (feat. The Product G&B),0.0406,0.777,0.601,0.00201,-5.931,1,97.911,0.68,happy
5J59tqY0Ad4r27tJJajzyB,Rose Pink Cadillac,0.321,0.746,0.805,0.00685,-6.827,1,100.003,0.906,happy
5gOd6zDC8vhlYjqbQdJVWP,Baker Street,0.0929,0.497,0.349,0.028,-14.0,1,113.762,0.421,happy
7tqhbajSfrz2F7E1Z75ASX,Ain't No Mountain High Enough,0.43,0.663,0.6,0,-10.87,1,129.987,0.797,happy
2alNQB6dlVQdoNdUAVqPoy,If I Could,0.0047,0.484,0.826,2.67e-05,-4.756,0,82.025,0.675,happy
0KDaN0HL3TcJVTbXlQCEsS,Torn,0.0647,0.575,0.886,0.000187,-5.182,1,96.31,0.609,happy
6wP0zUocK5kGLaBYhLbzt5,Hey Nineteen,0.0374,0.936,0.249,0.00452,-18.341,1,119.986,0.822,happy
6vxHp3CDNo0afgKGp2yi1E,Me and Julio Down by the Schoolyard,0.237,0.626,0.816,1.8e-06,-10.593,1,105.307,0.798,happy
6WrI0LAC5M1Rw2MnX2ZvEg,Don't Start Now,0.0125,0.794,0.793,0,-4.521,0,123.941,0.677,happy
7sm7RkEXLx4IFvvbw8h5rC,I Think I Lost My Number Can I Have Yours?,0.0329,0.477,0.593,0.000482,-8.515,1,75.002,0.272,happy
1hQFF33xi8ruavZNyovtUN,"December, 1963 (Oh What a Night!)",0.0588,0.737,0.495,9.12e-06,-13.489,1,104.409,0.967,happy
5Co74QMPtwQU8LFS0zwRpL,SANCTUARY,0.72,0.726,0.469,0.143,-8.194,0,126.092,0.331,happy
5UEZzRsrB4FKw1SIMoMD2y,The Sun,0.752,0.773,0.586,0.762,-7.623,0,126.014,0.729,happy
3B7cm8w1IAfOfgQHFvAsft,Keep It Up,0.0517,0.523,0.912,1.45e-06,-3.867,1,88.829,0.392,happy
4WIaDYUIlXsHi4yMF596aI,About Damn Time - Purple Disco Machine Remix,0.0531,0.8,0.771,0,-6.638,0,118.991,0.886,happy
5eWOsyHHic4vJP3LjTVhqv,"Sitting, Waiting, Wishing",0.22,0.765,0.535,2.55e-05,-7.229,1,105.019,0.548,happy
6BD1X1PeV5UzYUdiVaD2yL,Show Me The Way,0.434,0.7,0.726,1.1e-06,-7.717,1,130.109,0.641,happy
03tXFHO65orOSnHlEDf0JK,Run To The Moon,0.00282,0.496,0.582,0.229,-9.05,1,179.954,0.421,happy
6me7F0aaZjwDo6RJ5MrfBD,Evergreen,0.557,0.555,0.216,0.00416,-11.661,1,79.109,0.504,happy
2YxXuCdbUpil3P7tRjhW1t,Banquet,0.000139,0.578,0.892,0.0111,-7.952,0,150.255,0.892,happy
3ZpQiJ78LKINrW9SQTgbXd,All I Wanna Do,0.107,0.82,0.528,0.0188,-11.18,1,120.089,0.926,happy
1Gp3vNi64EY7sEStAZ51en,clouds,0.435,0.641,0.905,0.0491,-3.694,1,94.874,0.875,happy
1M8U7UHu9rhwumTu8IrqeD,Praising You (feat. Fatboy Slim),0.07,0.689,0.788,0,-4.978,1,122.968,0.656,happy
2hLczPN5CH5qhc6J4WBJHs,My Feelings For You - Mark Knight Remix,0.0055,0.728,0.95,0.00386,-4.216,0,124.003,0.812,happy
1BWsOxeMx83OrKGCV4gxly,I Feel the Earth Move,0.648,0.711,0.576,0.00226,-8.784,0,120.117,0.644,happy
15clT8j9S3OjjhjGqsoVZv,my forever,0.985,0.622,0.206,0.65,-17.706,1,144.0,0.195,happy
2iXcvnD3d1gfLBum0cE5Eg,Tutti Frutti,0.793,0.555,0.658,0,-3.866,1,184.835,0.937,happy
2BydLQAh7CUIFvSEqAMc4x,If You Want Me to Stay,0.28,0.843,0.48,0.000782,-11.574,0,101.993,0.762,happy
1ap4zdsBydWPSXJqDBqtNL,Like You Do,0.0145,0.69,0.847,0.041,-4.565,1,124.015,0.49,happy
1ne9wOtDF2jM6Cm8WBkaER,Rocky Mountain High,0.314,0.455,0.437,0,-11.411,1,81.396,0.724,happy
3xdjjKMcMOFgo1eQrfbogM,Wagon Wheel,0.455,0.535,0.66,0,-7.174,1,148.044,0.577,happy
7b8s4Z0abQQ4x4jpct4GjR,Cissy Strut,0.106,0.521,0.799,0.732,-11.993,1,175.921,0.709,happy
1TytykMo9zFzNdRbqTxfep,Feels This Good,0.0273,0.629,0.917,0,-2.095,0,124.024,0.627,happy
0PpamSdfQzIAvj5OB9Bz54,Reach Out I'll Be There - Single Version / Mono,0.0615,0.62,0.762,0,-4.916,0,119.536,0.718,happy
7a86XRg84qjasly9f6bPSD,We Are Young (feat. Janelle Monáe),0.02,0.378,0.638,7.66e-05,-5.576,1,184.086,0.735,happy
5w7sO0tWXMmctwKnJZu24v,Deja Vu,0.127,0.87,0.532,8.65e-05,-7.101,0,121.986,0.358,happy
5RoIXwyTCdyUjpMMkk4uPd,Sweet Disposition,0.0701,0.531,0.821,0.171,-6.812,1,129.139,0.34,happy
3nEHrvNNtgLv9rneTAYVr4,Heaven Takes You Home (feat. Connie Constance),0.0124,0.665,0.738,0.00598,-5.931,0,125.037,0.0389,happy
5YO44oPkpH4zeinnihUpIR,Throw Some Ass,0.0429,0.823,0.664,0.00162,-4.678,0,131.023,0.575,happy
1fDsrQ23eTAVFElUMaf38X,American Pie,0.7,0.529,0.482,0,-11.709,0,138.453,0.492,happy
